day_fiji,storefront,saved_requests_raw,duplicates_dropped,saved_requests_dedup,human_confirmed_bookings,completed_trips,cancelled_bookings,system_status_completed,system_status_pending,system_driver_assigned,quoted_value_fjd_dedup,collected_revenue_fjd
2026-07-24,NADI_ONSITE_WIDGET,0,0,0,UNKNOWN,UNKNOWN,UNKNOWN,0,0,0,0,UNKNOWN
2026-07-24,FIJIDASH_NADI_HANDOFF,0,0,0,UNKNOWN,UNKNOWN,UNKNOWN,0,0,0,0,UNKNOWN
2026-07-24,FIJIDASH_OTHER,0,0,0,UNKNOWN,UNKNOWN,UNKNOWN,0,0,0,0,UNKNOWN
2026-07-24,NO_REF_UNATTRIBUTED,1,0,1,UNKNOWN,UNKNOWN,UNKNOWN,1,0,1,76.0,UNKNOWN
2026-07-25,NADI_ONSITE_WIDGET,0,0,0,UNKNOWN,UNKNOWN,UNKNOWN,0,0,0,0,UNKNOWN
2026-07-25,FIJIDASH_NADI_HANDOFF,0,0,0,UNKNOWN,UNKNOWN,UNKNOWN,0,0,0,0,UNKNOWN
2026-07-25,FIJIDASH_OTHER,0,0,0,UNKNOWN,UNKNOWN,UNKNOWN,0,0,0,0,UNKNOWN
2026-07-25,NO_REF_UNATTRIBUTED,0,0,0,UNKNOWN,UNKNOWN,UNKNOWN,0,0,0,0,UNKNOWN
2026-07-26,NADI_ONSITE_WIDGET,0,0,0,UNKNOWN,UNKNOWN,UNKNOWN,0,0,0,0,UNKNOWN
2026-07-26,FIJIDASH_NADI_HANDOFF,0,0,0,UNKNOWN,UNKNOWN,UNKNOWN,0,0,0,0,UNKNOWN
2026-07-26,FIJIDASH_OTHER,0,0,0,UNKNOWN,UNKNOWN,UNKNOWN,0,0,0,0,UNKNOWN
2026-07-26,NO_REF_UNATTRIBUTED,0,0,0,UNKNOWN,UNKNOWN,UNKNOWN,0,0,0,0,UNKNOWN
2026-07-27,NADI_ONSITE_WIDGET,0,0,0,UNKNOWN,UNKNOWN,UNKNOWN,0,0,0,0,UNKNOWN
2026-07-27,FIJIDASH_NADI_HANDOFF,0,0,0,UNKNOWN,UNKNOWN,UNKNOWN,0,0,0,0,UNKNOWN
2026-07-27,FIJIDASH_OTHER,0,0,0,UNKNOWN,UNKNOWN,UNKNOWN,0,0,0,0,UNKNOWN
2026-07-27,NO_REF_UNATTRIBUTED,0,0,0,UNKNOWN,UNKNOWN,UNKNOWN,0,0,0,0,UNKNOWN
2026-07-28,NADI_ONSITE_WIDGET,0,0,0,UNKNOWN,UNKNOWN,UNKNOWN,0,0,0,0,UNKNOWN
2026-07-28,FIJIDASH_NADI_HANDOFF,0,0,0,UNKNOWN,UNKNOWN,UNKNOWN,0,0,0,0,UNKNOWN
2026-07-28,FIJIDASH_OTHER,0,0,0,UNKNOWN,UNKNOWN,UNKNOWN,0,0,0,0,UNKNOWN
2026-07-28,NO_REF_UNATTRIBUTED,0,0,0,UNKNOWN,UNKNOWN,UNKNOWN,0,0,0,0,UNKNOWN
2026-07-29,NADI_ONSITE_WIDGET,0,0,0,UNKNOWN,UNKNOWN,UNKNOWN,0,0,0,0,UNKNOWN
2026-07-29,FIJIDASH_NADI_HANDOFF,0,0,0,UNKNOWN,UNKNOWN,UNKNOWN,0,0,0,0,UNKNOWN
2026-07-29,FIJIDASH_OTHER,0,0,0,UNKNOWN,UNKNOWN,UNKNOWN,0,0,0,0,UNKNOWN
2026-07-29,NO_REF_UNATTRIBUTED,0,0,0,UNKNOWN,UNKNOWN,UNKNOWN,0,0,0,0,UNKNOWN
2026-07-30,NADI_ONSITE_WIDGET,0,0,0,UNKNOWN,UNKNOWN,UNKNOWN,0,0,0,0,UNKNOWN
2026-07-30,FIJIDASH_NADI_HANDOFF,0,0,0,UNKNOWN,UNKNOWN,UNKNOWN,0,0,0,0,UNKNOWN
2026-07-30,FIJIDASH_OTHER,0,0,0,UNKNOWN,UNKNOWN,UNKNOWN,0,0,0,0,UNKNOWN
2026-07-30,NO_REF_UNATTRIBUTED,0,0,0,UNKNOWN,UNKNOWN,UNKNOWN,0,0,0,0,UNKNOWN
2026-07-31,NADI_ONSITE_WIDGET,0,0,0,UNKNOWN,UNKNOWN,UNKNOWN,0,0,0,0,UNKNOWN
2026-07-31,FIJIDASH_NADI_HANDOFF,0,0,0,UNKNOWN,UNKNOWN,UNKNOWN,0,0,0,0,UNKNOWN
2026-07-31,FIJIDASH_OTHER,0,0,0,UNKNOWN,UNKNOWN,UNKNOWN,0,0,0,0,UNKNOWN
2026-07-31,NO_REF_UNATTRIBUTED,0,0,0,UNKNOWN,UNKNOWN,UNKNOWN,0,0,0,0,UNKNOWN
2026-08-01,NADI_ONSITE_WIDGET,0,0,0,UNKNOWN,UNKNOWN,UNKNOWN,0,0,0,0,UNKNOWN
2026-08-01,FIJIDASH_NADI_HANDOFF,0,0,0,UNKNOWN,UNKNOWN,UNKNOWN,0,0,0,0,UNKNOWN
2026-08-01,FIJIDASH_OTHER,0,0,0,UNKNOWN,UNKNOWN,UNKNOWN,0,0,0,0,UNKNOWN
2026-08-01,NO_REF_UNATTRIBUTED,0,0,0,UNKNOWN,UNKNOWN,UNKNOWN,0,0,0,0,UNKNOWN
2026-08-02,NADI_ONSITE_WIDGET,0,0,0,UNKNOWN,UNKNOWN,UNKNOWN,0,0,0,0,UNKNOWN
2026-08-02,FIJIDASH_NADI_HANDOFF,0,0,0,UNKNOWN,UNKNOWN,UNKNOWN,0,0,0,0,UNKNOWN
2026-08-02,FIJIDASH_OTHER,0,0,0,UNKNOWN,UNKNOWN,UNKNOWN,0,0,0,0,UNKNOWN
2026-08-02,NO_REF_UNATTRIBUTED,0,0,0,UNKNOWN,UNKNOWN,UNKNOWN,0,0,0,0,UNKNOWN
2026-08-03,NADI_ONSITE_WIDGET,0,0,0,UNKNOWN,UNKNOWN,UNKNOWN,0,0,0,0,UNKNOWN
2026-08-03,FIJIDASH_NADI_HANDOFF,0,0,0,UNKNOWN,UNKNOWN,UNKNOWN,0,0,0,0,UNKNOWN
2026-08-03,FIJIDASH_OTHER,0,0,0,UNKNOWN,UNKNOWN,UNKNOWN,0,0,0,0,UNKNOWN
2026-08-03,NO_REF_UNATTRIBUTED,0,0,0,UNKNOWN,UNKNOWN,UNKNOWN,0,0,0,0,UNKNOWN
2026-08-04,NADI_ONSITE_WIDGET,0,0,0,UNKNOWN,UNKNOWN,UNKNOWN,0,0,0,0,UNKNOWN
2026-08-04,FIJIDASH_NADI_HANDOFF,0,0,0,UNKNOWN,UNKNOWN,UNKNOWN,0,0,0,0,UNKNOWN
2026-08-04,FIJIDASH_OTHER,0,0,0,UNKNOWN,UNKNOWN,UNKNOWN,0,0,0,0,UNKNOWN
2026-08-04,NO_REF_UNATTRIBUTED,0,0,0,UNKNOWN,UNKNOWN,UNKNOWN,0,0,0,0,UNKNOWN
2026-08-05,NADI_ONSITE_WIDGET,0,0,0,UNKNOWN,UNKNOWN,UNKNOWN,0,0,0,0,UNKNOWN
2026-08-05,FIJIDASH_NADI_HANDOFF,0,0,0,UNKNOWN,UNKNOWN,UNKNOWN,0,0,0,0,UNKNOWN
2026-08-05,FIJIDASH_OTHER,0,0,0,UNKNOWN,UNKNOWN,UNKNOWN,0,0,0,0,UNKNOWN
2026-08-05,NO_REF_UNATTRIBUTED,0,0,0,UNKNOWN,UNKNOWN,UNKNOWN,0,0,0,0,UNKNOWN
2026-08-06,NADI_ONSITE_WIDGET,0,0,0,UNKNOWN,UNKNOWN,UNKNOWN,0,0,0,0,UNKNOWN
2026-08-06,FIJIDASH_NADI_HANDOFF,0,0,0,UNKNOWN,UNKNOWN,UNKNOWN,0,0,0,0,UNKNOWN
2026-08-06,FIJIDASH_OTHER,0,0,0,UNKNOWN,UNKNOWN,UNKNOWN,0,0,0,0,UNKNOWN
2026-08-06,NO_REF_UNATTRIBUTED,0,0,0,UNKNOWN,UNKNOWN,UNKNOWN,0,0,0,0,UNKNOWN
2026-08-07,NADI_ONSITE_WIDGET,0,0,0,UNKNOWN,UNKNOWN,UNKNOWN,0,0,0,0,UNKNOWN
2026-08-07,FIJIDASH_NADI_HANDOFF,0,0,0,UNKNOWN,UNKNOWN,UNKNOWN,0,0,0,0,UNKNOWN
2026-08-07,FIJIDASH_OTHER,0,0,0,UNKNOWN,UNKNOWN,UNKNOWN,0,0,0,0,UNKNOWN
2026-08-07,NO_REF_UNATTRIBUTED,0,0,0,UNKNOWN,UNKNOWN,UNKNOWN,0,0,0,0,UNKNOWN
2026-08-08,NADI_ONSITE_WIDGET,0,0,0,UNKNOWN,UNKNOWN,UNKNOWN,0,0,0,0,UNKNOWN
2026-08-08,FIJIDASH_NADI_HANDOFF,0,0,0,UNKNOWN,UNKNOWN,UNKNOWN,0,0,0,0,UNKNOWN
2026-08-08,FIJIDASH_OTHER,0,0,0,UNKNOWN,UNKNOWN,UNKNOWN,0,0,0,0,UNKNOWN
2026-08-08,NO_REF_UNATTRIBUTED,0,0,0,UNKNOWN,UNKNOWN,UNKNOWN,0,0,0,0,UNKNOWN
2026-08-09,NADI_ONSITE_WIDGET,0,0,0,UNKNOWN,UNKNOWN,UNKNOWN,0,0,0,0,UNKNOWN
2026-08-09,FIJIDASH_NADI_HANDOFF,0,0,0,UNKNOWN,UNKNOWN,UNKNOWN,0,0,0,0,UNKNOWN
2026-08-09,FIJIDASH_OTHER,0,0,0,UNKNOWN,UNKNOWN,UNKNOWN,0,0,0,0,UNKNOWN
2026-08-09,NO_REF_UNATTRIBUTED,0,0,0,UNKNOWN,UNKNOWN,UNKNOWN,0,0,0,0,UNKNOWN
2026-08-10,NADI_ONSITE_WIDGET,0,0,0,UNKNOWN,UNKNOWN,UNKNOWN,0,0,0,0,UNKNOWN
2026-08-10,FIJIDASH_NADI_HANDOFF,0,0,0,UNKNOWN,UNKNOWN,UNKNOWN,0,0,0,0,UNKNOWN
2026-08-10,FIJIDASH_OTHER,0,0,0,UNKNOWN,UNKNOWN,UNKNOWN,0,0,0,0,UNKNOWN
2026-08-10,NO_REF_UNATTRIBUTED,0,0,0,UNKNOWN,UNKNOWN,UNKNOWN,0,0,0,0,UNKNOWN
2026-08-11,NADI_ONSITE_WIDGET,0,0,0,UNKNOWN,UNKNOWN,UNKNOWN,0,0,0,0,UNKNOWN
2026-08-11,FIJIDASH_NADI_HANDOFF,0,0,0,UNKNOWN,UNKNOWN,UNKNOWN,0,0,0,0,UNKNOWN
2026-08-11,FIJIDASH_OTHER,0,0,0,UNKNOWN,UNKNOWN,UNKNOWN,0,0,0,0,UNKNOWN
2026-08-11,NO_REF_UNATTRIBUTED,0,0,0,UNKNOWN,UNKNOWN,UNKNOWN,0,0,0,0,UNKNOWN
2026-08-12,NADI_ONSITE_WIDGET,0,0,0,UNKNOWN,UNKNOWN,UNKNOWN,0,0,0,0,UNKNOWN
2026-08-12,FIJIDASH_NADI_HANDOFF,0,0,0,UNKNOWN,UNKNOWN,UNKNOWN,0,0,0,0,UNKNOWN
2026-08-12,FIJIDASH_OTHER,0,0,0,UNKNOWN,UNKNOWN,UNKNOWN,0,0,0,0,UNKNOWN
2026-08-12,NO_REF_UNATTRIBUTED,0,0,0,UNKNOWN,UNKNOWN,UNKNOWN,0,0,0,0,UNKNOWN
2026-08-13,NADI_ONSITE_WIDGET,0,0,0,UNKNOWN,UNKNOWN,UNKNOWN,0,0,0,0,UNKNOWN
2026-08-13,FIJIDASH_NADI_HANDOFF,0,0,0,UNKNOWN,UNKNOWN,UNKNOWN,0,0,0,0,UNKNOWN
2026-08-13,FIJIDASH_OTHER,0,0,0,UNKNOWN,UNKNOWN,UNKNOWN,0,0,0,0,UNKNOWN
2026-08-13,NO_REF_UNATTRIBUTED,0,0,0,UNKNOWN,UNKNOWN,UNKNOWN,0,0,0,0,UNKNOWN
2026-08-14,NADI_ONSITE_WIDGET,0,0,0,UNKNOWN,UNKNOWN,UNKNOWN,0,0,0,0,UNKNOWN
2026-08-14,FIJIDASH_NADI_HANDOFF,0,0,0,UNKNOWN,UNKNOWN,UNKNOWN,0,0,0,0,UNKNOWN
2026-08-14,FIJIDASH_OTHER,0,0,0,UNKNOWN,UNKNOWN,UNKNOWN,0,0,0,0,UNKNOWN
2026-08-14,NO_REF_UNATTRIBUTED,0,0,0,UNKNOWN,UNKNOWN,UNKNOWN,0,0,0,0,UNKNOWN
2026-08-15,NADI_ONSITE_WIDGET,0,0,0,UNKNOWN,UNKNOWN,UNKNOWN,0,0,0,0,UNKNOWN
2026-08-15,FIJIDASH_NADI_HANDOFF,0,0,0,UNKNOWN,UNKNOWN,UNKNOWN,0,0,0,0,UNKNOWN
2026-08-15,FIJIDASH_OTHER,0,0,0,UNKNOWN,UNKNOWN,UNKNOWN,0,0,0,0,UNKNOWN
2026-08-15,NO_REF_UNATTRIBUTED,0,0,0,UNKNOWN,UNKNOWN,UNKNOWN,0,0,0,0,UNKNOWN
2026-08-16,NADI_ONSITE_WIDGET,0,0,0,UNKNOWN,UNKNOWN,UNKNOWN,0,0,0,0,UNKNOWN
2026-08-16,FIJIDASH_NADI_HANDOFF,0,0,0,UNKNOWN,UNKNOWN,UNKNOWN,0,0,0,0,UNKNOWN
2026-08-16,FIJIDASH_OTHER,0,0,0,UNKNOWN,UNKNOWN,UNKNOWN,0,0,0,0,UNKNOWN
2026-08-16,NO_REF_UNATTRIBUTED,0,0,0,UNKNOWN,UNKNOWN,UNKNOWN,0,0,0,0,UNKNOWN
2026-08-17,NADI_ONSITE_WIDGET,0,0,0,UNKNOWN,UNKNOWN,UNKNOWN,0,0,0,0,UNKNOWN
2026-08-17,FIJIDASH_NADI_HANDOFF,0,0,0,UNKNOWN,UNKNOWN,UNKNOWN,0,0,0,0,UNKNOWN
2026-08-17,FIJIDASH_OTHER,0,0,0,UNKNOWN,UNKNOWN,UNKNOWN,0,0,0,0,UNKNOWN
2026-08-17,NO_REF_UNATTRIBUTED,0,0,0,UNKNOWN,UNKNOWN,UNKNOWN,0,0,0,0,UNKNOWN
2026-08-18,NADI_ONSITE_WIDGET,0,0,0,UNKNOWN,UNKNOWN,UNKNOWN,0,0,0,0,UNKNOWN
2026-08-18,FIJIDASH_NADI_HANDOFF,0,0,0,UNKNOWN,UNKNOWN,UNKNOWN,0,0,0,0,UNKNOWN
2026-08-18,FIJIDASH_OTHER,0,0,0,UNKNOWN,UNKNOWN,UNKNOWN,0,0,0,0,UNKNOWN
2026-08-18,NO_REF_UNATTRIBUTED,0,0,0,UNKNOWN,UNKNOWN,UNKNOWN,0,0,0,0,UNKNOWN
2026-08-19,NADI_ONSITE_WIDGET,0,0,0,UNKNOWN,UNKNOWN,UNKNOWN,0,0,0,0,UNKNOWN
2026-08-19,FIJIDASH_NADI_HANDOFF,0,0,0,UNKNOWN,UNKNOWN,UNKNOWN,0,0,0,0,UNKNOWN
2026-08-19,FIJIDASH_OTHER,0,0,0,UNKNOWN,UNKNOWN,UNKNOWN,0,0,0,0,UNKNOWN
2026-08-19,NO_REF_UNATTRIBUTED,0,0,0,UNKNOWN,UNKNOWN,UNKNOWN,0,0,0,0,UNKNOWN
2026-08-20,NADI_ONSITE_WIDGET,0,0,0,UNKNOWN,UNKNOWN,UNKNOWN,0,0,0,0,UNKNOWN
2026-08-20,FIJIDASH_NADI_HANDOFF,0,0,0,UNKNOWN,UNKNOWN,UNKNOWN,0,0,0,0,UNKNOWN
2026-08-20,FIJIDASH_OTHER,0,0,0,UNKNOWN,UNKNOWN,UNKNOWN,0,0,0,0,UNKNOWN
2026-08-20,NO_REF_UNATTRIBUTED,0,0,0,UNKNOWN,UNKNOWN,UNKNOWN,0,0,0,0,UNKNOWN
2026-08-21,NADI_ONSITE_WIDGET,0,0,0,UNKNOWN,UNKNOWN,UNKNOWN,0,0,0,0,UNKNOWN
2026-08-21,FIJIDASH_NADI_HANDOFF,0,0,0,UNKNOWN,UNKNOWN,UNKNOWN,0,0,0,0,UNKNOWN
2026-08-21,FIJIDASH_OTHER,0,0,0,UNKNOWN,UNKNOWN,UNKNOWN,0,0,0,0,UNKNOWN
2026-08-21,NO_REF_UNATTRIBUTED,0,0,0,UNKNOWN,UNKNOWN,UNKNOWN,0,0,0,0,UNKNOWN
2026-08-22,NADI_ONSITE_WIDGET,0,0,0,UNKNOWN,UNKNOWN,UNKNOWN,0,0,0,0,UNKNOWN
2026-08-22,FIJIDASH_NADI_HANDOFF,0,0,0,UNKNOWN,UNKNOWN,UNKNOWN,0,0,0,0,UNKNOWN
2026-08-22,FIJIDASH_OTHER,0,0,0,UNKNOWN,UNKNOWN,UNKNOWN,0,0,0,0,UNKNOWN
2026-08-22,NO_REF_UNATTRIBUTED,1,0,1,UNKNOWN,UNKNOWN,UNKNOWN,0,1,0,178.95,UNKNOWN
2026-08-23,NADI_ONSITE_WIDGET,0,0,0,UNKNOWN,UNKNOWN,UNKNOWN,0,0,0,0,UNKNOWN
2026-08-23,FIJIDASH_NADI_HANDOFF,0,0,0,UNKNOWN,UNKNOWN,UNKNOWN,0,0,0,0,UNKNOWN
2026-08-23,FIJIDASH_OTHER,0,0,0,UNKNOWN,UNKNOWN,UNKNOWN,0,0,0,0,UNKNOWN
2026-08-23,NO_REF_UNATTRIBUTED,4,0,4,UNKNOWN,UNKNOWN,UNKNOWN,0,4,0,642.74,UNKNOWN
2026-08-24,NADI_ONSITE_WIDGET,0,0,0,UNKNOWN,UNKNOWN,UNKNOWN,0,0,0,0,UNKNOWN
2026-08-24,FIJIDASH_NADI_HANDOFF,0,0,0,UNKNOWN,UNKNOWN,UNKNOWN,0,0,0,0,UNKNOWN
2026-08-24,FIJIDASH_OTHER,0,0,0,UNKNOWN,UNKNOWN,UNKNOWN,0,0,0,0,UNKNOWN
2026-08-24,NO_REF_UNATTRIBUTED,3,0,3,UNKNOWN,UNKNOWN,UNKNOWN,0,3,0,332.81,UNKNOWN
2026-08-25,NADI_ONSITE_WIDGET,0,0,0,UNKNOWN,UNKNOWN,UNKNOWN,0,0,0,0,UNKNOWN
2026-08-25,FIJIDASH_NADI_HANDOFF,0,0,0,UNKNOWN,UNKNOWN,UNKNOWN,0,0,0,0,UNKNOWN
2026-08-25,FIJIDASH_OTHER,0,0,0,UNKNOWN,UNKNOWN,UNKNOWN,0,0,0,0,UNKNOWN
2026-08-25,NO_REF_UNATTRIBUTED,4,1,3,UNKNOWN,UNKNOWN,UNKNOWN,0,3,0,581.64,UNKNOWN
2026-08-26,NADI_ONSITE_WIDGET,0,0,0,UNKNOWN,UNKNOWN,UNKNOWN,0,0,0,0,UNKNOWN
2026-08-26,FIJIDASH_NADI_HANDOFF,0,0,0,UNKNOWN,UNKNOWN,UNKNOWN,0,0,0,0,UNKNOWN
2026-08-26,FIJIDASH_OTHER,0,0,0,UNKNOWN,UNKNOWN,UNKNOWN,0,0,0,0,UNKNOWN
2026-08-26,NO_REF_UNATTRIBUTED,0,0,0,UNKNOWN,UNKNOWN,UNKNOWN,0,0,0,0,UNKNOWN
2026-08-27,NADI_ONSITE_WIDGET,0,0,0,UNKNOWN,UNKNOWN,UNKNOWN,0,0,0,0,UNKNOWN
2026-08-27,FIJIDASH_NADI_HANDOFF,0,0,0,UNKNOWN,UNKNOWN,UNKNOWN,0,0,0,0,UNKNOWN
2026-08-27,FIJIDASH_OTHER,0,0,0,UNKNOWN,UNKNOWN,UNKNOWN,0,0,0,0,UNKNOWN
2026-08-27,NO_REF_UNATTRIBUTED,2,0,2,UNKNOWN,UNKNOWN,UNKNOWN,0,2,0,133.16,UNKNOWN
2026-08-28,NADI_ONSITE_WIDGET,0,0,0,UNKNOWN,UNKNOWN,UNKNOWN,0,0,0,0,UNKNOWN
2026-08-28,FIJIDASH_NADI_HANDOFF,0,0,0,UNKNOWN,UNKNOWN,UNKNOWN,0,0,0,0,UNKNOWN
2026-08-28,FIJIDASH_OTHER,0,0,0,UNKNOWN,UNKNOWN,UNKNOWN,0,0,0,0,UNKNOWN
2026-08-28,NO_REF_UNATTRIBUTED,0,0,0,UNKNOWN,UNKNOWN,UNKNOWN,0,0,0,0,UNKNOWN
2026-08-29,NADI_ONSITE_WIDGET,0,0,0,UNKNOWN,UNKNOWN,UNKNOWN,0,0,0,0,UNKNOWN
2026-08-29,FIJIDASH_NADI_HANDOFF,0,0,0,UNKNOWN,UNKNOWN,UNKNOWN,0,0,0,0,UNKNOWN
2026-08-29,FIJIDASH_OTHER,0,0,0,UNKNOWN,UNKNOWN,UNKNOWN,0,0,0,0,UNKNOWN
2026-08-29,NO_REF_UNATTRIBUTED,0,0,0,UNKNOWN,UNKNOWN,UNKNOWN,0,0,0,0,UNKNOWN
2026-08-30,NADI_ONSITE_WIDGET,0,0,0,UNKNOWN,UNKNOWN,UNKNOWN,0,0,0,0,UNKNOWN
2026-08-30,FIJIDASH_NADI_HANDOFF,0,0,0,UNKNOWN,UNKNOWN,UNKNOWN,0,0,0,0,UNKNOWN
2026-08-30,FIJIDASH_OTHER,0,0,0,UNKNOWN,UNKNOWN,UNKNOWN,0,0,0,0,UNKNOWN
2026-08-30,NO_REF_UNATTRIBUTED,4,0,4,UNKNOWN,UNKNOWN,UNKNOWN,0,4,0,526.12,UNKNOWN
2026-08-31,NADI_ONSITE_WIDGET,0,0,0,UNKNOWN,UNKNOWN,UNKNOWN,0,0,0,0,UNKNOWN
2026-08-31,FIJIDASH_NADI_HANDOFF,0,0,0,UNKNOWN,UNKNOWN,UNKNOWN,0,0,0,0,UNKNOWN
2026-08-31,FIJIDASH_OTHER,0,0,0,UNKNOWN,UNKNOWN,UNKNOWN,0,0,0,0,UNKNOWN
2026-08-31,NO_REF_UNATTRIBUTED,2,0,2,UNKNOWN,UNKNOWN,UNKNOWN,0,2,0,226.52,UNKNOWN
2026-09-01,NADI_ONSITE_WIDGET,0,0,0,UNKNOWN,UNKNOWN,UNKNOWN,0,0,0,0,UNKNOWN
2026-09-01,FIJIDASH_NADI_HANDOFF,0,0,0,UNKNOWN,UNKNOWN,UNKNOWN,0,0,0,0,UNKNOWN
2026-09-01,FIJIDASH_OTHER,0,0,0,UNKNOWN,UNKNOWN,UNKNOWN,0,0,0,0,UNKNOWN
2026-09-01,NO_REF_UNATTRIBUTED,2,0,2,UNKNOWN,UNKNOWN,UNKNOWN,0,2,0,78.23,UNKNOWN
2026-09-02,NADI_ONSITE_WIDGET,0,0,0,UNKNOWN,UNKNOWN,UNKNOWN,0,0,0,0,UNKNOWN
2026-09-02,FIJIDASH_NADI_HANDOFF,0,0,0,UNKNOWN,UNKNOWN,UNKNOWN,0,0,0,0,UNKNOWN
2026-09-02,FIJIDASH_OTHER,3,0,3,UNKNOWN,UNKNOWN,UNKNOWN,0,3,0,295.9,UNKNOWN
2026-09-02,NO_REF_UNATTRIBUTED,3,0,3,UNKNOWN,UNKNOWN,UNKNOWN,0,3,0,653.26,UNKNOWN
2026-09-03,NADI_ONSITE_WIDGET,0,0,0,UNKNOWN,UNKNOWN,UNKNOWN,0,0,0,0,UNKNOWN
2026-09-03,FIJIDASH_NADI_HANDOFF,0,0,0,UNKNOWN,UNKNOWN,UNKNOWN,0,0,0,0,UNKNOWN
2026-09-03,FIJIDASH_OTHER,3,0,3,UNKNOWN,UNKNOWN,UNKNOWN,0,3,0,386.75,UNKNOWN
2026-09-03,NO_REF_UNATTRIBUTED,0,0,0,UNKNOWN,UNKNOWN,UNKNOWN,0,0,0,0,UNKNOWN
2026-09-04,NADI_ONSITE_WIDGET,0,0,0,UNKNOWN,UNKNOWN,UNKNOWN,0,0,0,0,UNKNOWN
2026-09-04,FIJIDASH_NADI_HANDOFF,0,0,0,UNKNOWN,UNKNOWN,UNKNOWN,0,0,0,0,UNKNOWN
2026-09-04,FIJIDASH_OTHER,1,0,1,UNKNOWN,UNKNOWN,UNKNOWN,0,1,0,245.73,UNKNOWN
2026-09-04,NO_REF_UNATTRIBUTED,0,0,0,UNKNOWN,UNKNOWN,UNKNOWN,0,0,0,0,UNKNOWN
2026-09-05,NADI_ONSITE_WIDGET,0,0,0,UNKNOWN,UNKNOWN,UNKNOWN,0,0,0,0,UNKNOWN
2026-09-05,FIJIDASH_NADI_HANDOFF,0,0,0,UNKNOWN,UNKNOWN,UNKNOWN,0,0,0,0,UNKNOWN
2026-09-05,FIJIDASH_OTHER,0,0,0,UNKNOWN,UNKNOWN,UNKNOWN,0,0,0,0,UNKNOWN
2026-09-05,NO_REF_UNATTRIBUTED,0,0,0,UNKNOWN,UNKNOWN,UNKNOWN,0,0,0,0,UNKNOWN
2026-09-06,NADI_ONSITE_WIDGET,0,0,0,UNKNOWN,UNKNOWN,UNKNOWN,0,0,0,0,UNKNOWN
2026-09-06,FIJIDASH_NADI_HANDOFF,0,0,0,UNKNOWN,UNKNOWN,UNKNOWN,0,0,0,0,UNKNOWN
2026-09-06,FIJIDASH_OTHER,2,0,2,UNKNOWN,UNKNOWN,UNKNOWN,0,2,0,233.39,UNKNOWN
2026-09-06,NO_REF_UNATTRIBUTED,0,0,0,UNKNOWN,UNKNOWN,UNKNOWN,0,0,0,0,UNKNOWN
2026-09-07,NADI_ONSITE_WIDGET,0,0,0,UNKNOWN,UNKNOWN,UNKNOWN,0,0,0,0,UNKNOWN
2026-09-07,FIJIDASH_NADI_HANDOFF,0,0,0,UNKNOWN,UNKNOWN,UNKNOWN,0,0,0,0,UNKNOWN
2026-09-07,FIJIDASH_OTHER,5,1,4,UNKNOWN,UNKNOWN,UNKNOWN,0,4,0,192.61,UNKNOWN
2026-09-07,NO_REF_UNATTRIBUTED,0,0,0,UNKNOWN,UNKNOWN,UNKNOWN,0,0,0,0,UNKNOWN
2026-09-08,NADI_ONSITE_WIDGET,5,0,5,UNKNOWN,UNKNOWN,UNKNOWN,0,5,0,471.0,UNKNOWN
2026-09-08,FIJIDASH_NADI_HANDOFF,0,0,0,UNKNOWN,UNKNOWN,UNKNOWN,0,0,0,0,UNKNOWN
2026-09-08,FIJIDASH_OTHER,1,0,1,UNKNOWN,UNKNOWN,UNKNOWN,0,1,0,69.08,UNKNOWN
2026-09-08,NO_REF_UNATTRIBUTED,0,0,0,UNKNOWN,UNKNOWN,UNKNOWN,0,0,0,0,UNKNOWN
2026-09-09,NADI_ONSITE_WIDGET,9,1,8,UNKNOWN,UNKNOWN,UNKNOWN,0,8,0,957.0,UNKNOWN
2026-09-09,FIJIDASH_NADI_HANDOFF,0,0,0,UNKNOWN,UNKNOWN,UNKNOWN,0,0,0,0,UNKNOWN
2026-09-09,FIJIDASH_OTHER,1,0,1,UNKNOWN,UNKNOWN,UNKNOWN,0,1,0,166.81,UNKNOWN
2026-09-09,NO_REF_UNATTRIBUTED,0,0,0,UNKNOWN,UNKNOWN,UNKNOWN,0,0,0,0,UNKNOWN
2026-09-10,NADI_ONSITE_WIDGET,6,1,5,UNKNOWN,UNKNOWN,UNKNOWN,0,5,0,744.0,UNKNOWN
2026-09-10,FIJIDASH_NADI_HANDOFF,0,0,0,UNKNOWN,UNKNOWN,UNKNOWN,0,0,0,0,UNKNOWN
2026-09-10,FIJIDASH_OTHER,4,0,4,UNKNOWN,UNKNOWN,UNKNOWN,0,4,0,708.87,UNKNOWN
2026-09-10,NO_REF_UNATTRIBUTED,0,0,0,UNKNOWN,UNKNOWN,UNKNOWN,0,0,0,0,UNKNOWN
2026-09-11,NADI_ONSITE_WIDGET,1,0,1,UNKNOWN,UNKNOWN,UNKNOWN,0,1,0,265.0,UNKNOWN
2026-09-11,FIJIDASH_NADI_HANDOFF,0,0,0,UNKNOWN,UNKNOWN,UNKNOWN,0,0,0,0,UNKNOWN
2026-09-11,FIJIDASH_OTHER,1,0,1,UNKNOWN,UNKNOWN,UNKNOWN,0,1,0,47.87,UNKNOWN
2026-09-11,NO_REF_UNATTRIBUTED,0,0,0,UNKNOWN,UNKNOWN,UNKNOWN,0,0,0,0,UNKNOWN
2026-09-12,NADI_ONSITE_WIDGET,2,0,2,UNKNOWN,UNKNOWN,UNKNOWN,0,2,0,281.0,UNKNOWN
2026-09-12,FIJIDASH_NADI_HANDOFF,1,0,1,UNKNOWN,UNKNOWN,UNKNOWN,0,1,0,158.81,UNKNOWN
2026-09-12,FIJIDASH_OTHER,0,0,0,UNKNOWN,UNKNOWN,UNKNOWN,0,0,0,0,UNKNOWN
2026-09-12,NO_REF_UNATTRIBUTED,0,0,0,UNKNOWN,UNKNOWN,UNKNOWN,0,0,0,0,UNKNOWN
2026-09-13,NADI_ONSITE_WIDGET,4,1,3,UNKNOWN,UNKNOWN,UNKNOWN,0,3,0,541.0,UNKNOWN
2026-09-13,FIJIDASH_NADI_HANDOFF,0,0,0,UNKNOWN,UNKNOWN,UNKNOWN,0,0,0,0,UNKNOWN
2026-09-13,FIJIDASH_OTHER,0,0,0,UNKNOWN,UNKNOWN,UNKNOWN,0,0,0,0,UNKNOWN
2026-09-13,NO_REF_UNATTRIBUTED,0,0,0,UNKNOWN,UNKNOWN,UNKNOWN,0,0,0,0,UNKNOWN
2026-09-14,NADI_ONSITE_WIDGET,5,0,5,UNKNOWN,UNKNOWN,UNKNOWN,0,5,0,649.0,UNKNOWN
2026-09-14,FIJIDASH_NADI_HANDOFF,2,0,2,UNKNOWN,UNKNOWN,UNKNOWN,0,2,0,415.58,UNKNOWN
2026-09-14,FIJIDASH_OTHER,0,0,0,UNKNOWN,UNKNOWN,UNKNOWN,0,0,0,0,UNKNOWN
2026-09-14,NO_REF_UNATTRIBUTED,0,0,0,UNKNOWN,UNKNOWN,UNKNOWN,0,0,0,0,UNKNOWN
2026-09-15,NADI_ONSITE_WIDGET,4,0,4,UNKNOWN,UNKNOWN,UNKNOWN,0,4,0,578.0,UNKNOWN
2026-09-15,FIJIDASH_NADI_HANDOFF,0,0,0,UNKNOWN,UNKNOWN,UNKNOWN,0,0,0,0,UNKNOWN
2026-09-15,FIJIDASH_OTHER,2,0,2,UNKNOWN,UNKNOWN,UNKNOWN,0,2,0,473.26,UNKNOWN
2026-09-15,NO_REF_UNATTRIBUTED,0,0,0,UNKNOWN,UNKNOWN,UNKNOWN,0,0,0,0,UNKNOWN
2026-09-16,NADI_ONSITE_WIDGET,2,0,2,UNKNOWN,UNKNOWN,UNKNOWN,0,2,0,219.0,UNKNOWN
2026-09-16,FIJIDASH_NADI_HANDOFF,0,0,0,UNKNOWN,UNKNOWN,UNKNOWN,0,0,0,0,UNKNOWN
2026-09-16,FIJIDASH_OTHER,1,0,1,UNKNOWN,UNKNOWN,UNKNOWN,0,1,0,96.84,UNKNOWN
2026-09-16,NO_REF_UNATTRIBUTED,0,0,0,UNKNOWN,UNKNOWN,UNKNOWN,0,0,0,0,UNKNOWN
2026-09-17,NADI_ONSITE_WIDGET,0,0,0,UNKNOWN,UNKNOWN,UNKNOWN,0,0,0,0,UNKNOWN
2026-09-17,FIJIDASH_NADI_HANDOFF,1,0,1,UNKNOWN,UNKNOWN,UNKNOWN,0,1,0,47.87,UNKNOWN
2026-09-17,FIJIDASH_OTHER,3,0,3,UNKNOWN,UNKNOWN,UNKNOWN,0,3,0,238.48,UNKNOWN
2026-09-17,NO_REF_UNATTRIBUTED,0,0,0,UNKNOWN,UNKNOWN,UNKNOWN,0,0,0,0,UNKNOWN
2026-09-18,NADI_ONSITE_WIDGET,5,0,5,UNKNOWN,UNKNOWN,UNKNOWN,0,5,0,705.0,UNKNOWN
2026-09-18,FIJIDASH_NADI_HANDOFF,0,0,0,UNKNOWN,UNKNOWN,UNKNOWN,0,0,0,0,UNKNOWN
2026-09-18,FIJIDASH_OTHER,0,0,0,UNKNOWN,UNKNOWN,UNKNOWN,0,0,0,0,UNKNOWN
2026-09-18,NO_REF_UNATTRIBUTED,0,0,0,UNKNOWN,UNKNOWN,UNKNOWN,0,0,0,0,UNKNOWN
2026-09-19,NADI_ONSITE_WIDGET,3,0,3,UNKNOWN,UNKNOWN,UNKNOWN,0,3,0,562.0,UNKNOWN
2026-09-19,FIJIDASH_NADI_HANDOFF,1,0,1,UNKNOWN,UNKNOWN,UNKNOWN,0,1,0,47.87,UNKNOWN
2026-09-19,FIJIDASH_OTHER,1,0,1,UNKNOWN,UNKNOWN,UNKNOWN,0,1,0,195.25,UNKNOWN
2026-09-19,NO_REF_UNATTRIBUTED,0,0,0,UNKNOWN,UNKNOWN,UNKNOWN,0,0,0,0,UNKNOWN
2026-09-20,NADI_ONSITE_WIDGET,0,0,0,UNKNOWN,UNKNOWN,UNKNOWN,0,0,0,0,UNKNOWN
2026-09-20,FIJIDASH_NADI_HANDOFF,3,0,3,UNKNOWN,UNKNOWN,UNKNOWN,0,3,0,831.83,UNKNOWN
2026-09-20,FIJIDASH_OTHER,0,0,0,UNKNOWN,UNKNOWN,UNKNOWN,0,0,0,0,UNKNOWN
2026-09-20,NO_REF_UNATTRIBUTED,0,0,0,UNKNOWN,UNKNOWN,UNKNOWN,0,0,0,0,UNKNOWN
