path,requests_all_traffic_incl_bots
/transfer/port-denarau,294
/transfer/outrigger-fiji-beach-resort,245
/transfer/coral-coast-outrigger,237
/transfer/suva,213
/transfer/natadola-intercontinental,195
/transfer/pacific-harbour,188
/transfer/hilton-fiji-beach-resort,166
/transfer/sheraton-fiji-golf-beach-resort,147
/transfer/shangri-la-yanuca-island,138
/transfer/naviti-resort,132
/transfer/pearl-south-pacific-resort,131
/transfer/port-denarau-marina,126
/transfer/doubletree-sonaisali-island,115
/transfer/grand-pacific-hotel-suva,110
/transfer/intercontinental-fiji-natadola,102
/transfer/fiji-marriott-resort-momi-bay,71
/transfer/app.js,45
/transfer/chat-widget.js,43
/transfer/intercontinental-fiji-golf-resort,37
/transfer/westin-denarau-island-resort,32
/transfer/crowne-plaza-fiji-nadi-bay,31
/transfer/warwick-fiji,30
/transfer/sofitel-fiji-resort-spa,29
/transfer/first-landing-beach-resort,27
/transfer/styles.css,25
/transfer/radisson-blu-resort-fiji-denarau,22
/transfer/tanoa-international-hotel,21
/transfer/,20
/transfer/tokatoka-resort-hotel,18
/transfer/volivoli-beach-resort,10
/transfer/does-not-exist-at-all-xyz,5
/transfer/suva.html,4
/transfer/tanoa-plaza-suva,4
/transfer/null,3
/transfer/shangri-la-yanuca-island.html,3
/transfer/coral-coast-outrigger.html,3
/transfer/naviti-resort.html,3
/transfer/hilton-fiji-beach-resort.html,3
/transfer/natadola-intercontinental.html,3
/transfer/pacific-harbour.html,3
/transfer/pearl-south-pacific-resort.html,3
/transfer/port-denarau-marina.html,3
/transfer/port-denarau.html,3
/transfer/doubletree-sonaisali-island.html,3
/transfer/zz-not-a-real-page-check,1
/transfer/favicon.ico,1
/transfer/westin-denarau-island-resort.html,1
/transfer/tokatoka-resort-hotel.html,1
/transfer/sheraton-fiji-golf-beach-resort.html,1
/transfer/intercontinental-fiji-natadola.html,1
/transfer/crowne-plaza-fiji-nadi-bay.html,1
/transfer/port-denarau/,1
/transfer/tanoa-international-hotel.html,1
/transfer/intercontinental-fiji-golf-resort.html,1
/transfer/radisson-blu-resort-fiji,1
/transfer/first-landing-beach-resort.html,1
/transfer/radisson-blu-resort-fiji-denarau.html,1
/transfer/warwick-fiji.html,1
/transfer/fiji-marriott-resort-momi-bay.html,1
/transfer/grand-pacific-hotel-suva.html,1
/transfer/sofitel-fiji-resort-spa.html,1
