route,vehicle,trip,catalogue_base_before_discount,catalogue_total,worker_before_discount,worker_total,delta_total,delta_pct_of_worker,in_band_0.8_1.3,recorded_in_harness_NAT,recorded_in_harness_FD_production,recorded_in_harness_FD_candidate,worker_fare_checks
NADI_DOWNTOWN,sedan,one-way,19,19,30.15,30.15,-11.15,-37.0,false,refused at 19: guest must accept the Worker fare,30.15,30.15,
NADI_DOWNTOWN,sedan,return,19,40,55.78,49.78,-9.78,-19.6,true,40,49.78,49.78,
NADI_DOWNTOWN,minivan,one-way,49,49,51.42,46.42,2.58,5.6,true,49,46.42,46.42,
NADI_DOWNTOWN,minivan,return,49,85,95.13,85.13,-0.13,-0.2,true,85,85.13,85.13,
NADI_DOWNTOWN,minibus,one-way,79,71,79.46,71.46,-0.46,-0.6,true,71,71.46,71.46,
NADI_DOWNTOWN,minibus,return,79,135,147,132,3,2.3,true,135,132,132,
MERCURE_NADI,sedan,one-way,19,19,30.15,30.15,-11.15,-37.0,false,refused at 19: guest must accept the Worker fare,30.15,30.15,
MERCURE_NADI,sedan,return,19,40,55.78,49.78,-9.78,-19.6,true,40,49.78,49.78,
MERCURE_NADI,minivan,one-way,49,49,51.42,46.42,2.58,5.6,true,49,46.42,46.42,
MERCURE_NADI,minivan,return,49,85,95.13,85.13,-0.13,-0.2,true,85,85.13,85.13,
MERCURE_NADI,minibus,one-way,79,71,79.46,71.46,-0.46,-0.6,true,71,71.46,71.46,
MERCURE_NADI,minibus,return,79,135,147,132,3,2.3,true,135,132,132,
WAILOALOA_BEACH,sedan,one-way,39,39,30.36,30.36,8.64,28.5,true,39,30.36,30.36,
WAILOALOA_BEACH,sedan,return,39,67,56.17,50.17,16.83,33.5,false,refused at 67: guest must accept the Worker fare,50.17,50.17,
WAILOALOA_BEACH,minivan,one-way,59,53,51.63,46.63,6.37,13.7,true,53,46.63,46.63,
WAILOALOA_BEACH,minivan,return,59,99,95.52,85.52,13.48,15.8,true,99,85.52,85.52,
WAILOALOA_BEACH,minibus,one-way,89,80,79.7,71.7,8.3,11.6,true,80,71.7,71.7,
WAILOALOA_BEACH,minibus,return,89,148,147.45,132.45,15.55,11.7,true,148,132.45,132.45,
CROWNE_PLAZA_NADI_BAY,sedan,one-way,39,39,30.36,30.36,8.64,28.5,true,39,30.36,30.36,
CROWNE_PLAZA_NADI_BAY,sedan,return,39,67,56.17,50.17,16.83,33.5,false,refused at 67: guest must accept the Worker fare,50.17,50.17,
CROWNE_PLAZA_NADI_BAY,minivan,one-way,59,53,51.63,46.63,6.37,13.7,true,53,46.63,46.63,
CROWNE_PLAZA_NADI_BAY,minivan,return,59,99,95.52,85.52,13.48,15.8,true,99,85.52,85.52,
CROWNE_PLAZA_NADI_BAY,minibus,one-way,89,80,79.7,71.7,8.3,11.6,true,80,71.7,71.7,
CROWNE_PLAZA_NADI_BAY,minibus,return,89,148,147.45,132.45,15.55,11.7,true,148,132.45,132.45,
HILTON_DENARAU,sedan,one-way,49,49,47.87,47.87,1.13,2.4,true,49,47.87,47.87,
HILTON_DENARAU,sedan,return,49,85,88.56,79.56,5.44,6.8,true,85,79.56,79.56,
HILTON_DENARAU,minivan,one-way,69,62,69.08,62.08,-0.08,-0.1,true,62,62.08,62.08,
HILTON_DENARAU,minivan,return,69,117,127.8,114.8,2.2,1.9,true,117,114.8,114.8,
HILTON_DENARAU,minibus,one-way,99,89,99.84,89.84,-0.84,-0.9,true,89,89.84,89.84,
HILTON_DENARAU,minibus,return,99,166,184.7,166.7,-0.7,-0.4,true,166,166.7,166.7,
SOFITEL_DENARAU,sedan,one-way,49,49,47.87,47.87,1.13,2.4,true,49,47.87,47.87,
SOFITEL_DENARAU,sedan,return,49,85,88.56,79.56,5.44,6.8,true,85,79.56,79.56,
SOFITEL_DENARAU,minivan,one-way,69,62,69.08,62.08,-0.08,-0.1,true,62,62.08,62.08,
SOFITEL_DENARAU,minivan,return,69,117,127.8,114.8,2.2,1.9,true,117,114.8,114.8,
SOFITEL_DENARAU,minibus,one-way,99,89,99.84,89.84,-0.84,-0.9,true,89,89.84,89.84,
SOFITEL_DENARAU,minibus,return,99,166,184.7,166.7,-0.7,-0.4,true,166,166.7,166.7,
PORT_DENARAU_MARINA,sedan,one-way,49,49,47.87,47.87,1.13,2.4,true,49,47.87,47.87,
PORT_DENARAU_MARINA,sedan,return,49,85,88.56,79.56,5.44,6.8,true,85,79.56,79.56,
PORT_DENARAU_MARINA,minivan,one-way,69,62,69.08,62.08,-0.08,-0.1,true,62,62.08,62.08,
PORT_DENARAU_MARINA,minivan,return,69,117,127.8,114.8,2.2,1.9,true,117,114.8,114.8,
PORT_DENARAU_MARINA,minibus,one-way,99,89,99.84,89.84,-0.84,-0.9,true,89,89.84,89.84,
PORT_DENARAU_MARINA,minibus,return,99,166,184.7,166.7,-0.7,-0.4,true,166,166.7,166.7,
DOUBLETREE_SONAISALI,sedan,one-way,69,62,78.83,70.83,-8.83,-12.5,true,62,70.83,70.83,
DOUBLETREE_SONAISALI,sedan,return,69,117,145.84,130.84,-13.84,-10.6,true,117,130.84,130.84,
DOUBLETREE_SONAISALI,minivan,one-way,89,80,101.46,91.46,-11.46,-12.5,true,80,91.46,91.46,
DOUBLETREE_SONAISALI,minivan,return,89,148,187.7,168.7,-20.7,-12.3,true,148,168.7,168.7,
DOUBLETREE_SONAISALI,minibus,one-way,119,107,131.46,118.46,-11.46,-9.7,true,107,118.46,118.46,
DOUBLETREE_SONAISALI,minibus,return,119,202,243.2,219.2,-17.2,-7.8,true,202,219.2,219.2,
FIRST_LANDING,sedan,one-way,79,71,74.5,67.5,3.5,5.2,true,71,67.5,67.5,
FIRST_LANDING,sedan,return,79,135,137.83,123.83,11.17,9.0,true,135,123.83,123.83,
FIRST_LANDING,minivan,one-way,99,89,94.23,85.23,3.77,4.4,true,89,85.23,85.23,
FIRST_LANDING,minivan,return,99,166,174.33,157.33,8.67,5.5,true,166,157.33,157.33,
FIRST_LANDING,minibus,one-way,129,116,124.23,112.23,3.77,3.4,true,116,112.23,112.23,
FIRST_LANDING,minibus,return,129,216,229.83,206.83,9.17,4.4,true,216,206.83,206.83,
VUDA_MARINA,sedan,one-way,79,71,74.5,67.5,3.5,5.2,true,71,67.5,67.5,
VUDA_MARINA,sedan,return,79,135,137.83,123.83,11.17,9.0,true,135,123.83,123.83,
VUDA_MARINA,minivan,one-way,99,89,94.23,85.23,3.77,4.4,true,89,85.23,85.23,
VUDA_MARINA,minivan,return,99,166,174.33,157.33,8.67,5.5,true,166,157.33,157.33,
VUDA_MARINA,minibus,one-way,129,116,124.23,112.23,3.77,3.4,true,116,112.23,112.23,
VUDA_MARINA,minibus,return,129,216,229.83,206.83,9.17,4.4,true,216,206.83,206.83,
LAUTOKA_HOTEL,sedan,one-way,89,80,84.07,76.07,3.93,5.2,true,80,76.07,76.07,
LAUTOKA_HOTEL,sedan,return,89,148,155.53,139.53,8.47,6.1,true,148,139.53,139.53,
LAUTOKA_HOTEL,minivan,one-way,119,107,110.22,99.22,7.78,7.8,true,107,99.22,99.22,
LAUTOKA_HOTEL,minivan,return,119,202,203.91,183.91,18.09,9.8,true,202,183.91,183.91,
LAUTOKA_HOTEL,minibus,one-way,149,134,140.22,126.22,7.78,6.2,true,134,126.22,126.22,
LAUTOKA_HOTEL,minibus,return,149,252,259.41,233.41,18.59,8.0,true,252,233.41,233.41,
TANOA_LAUTOKA,sedan,one-way,89,80,84.07,76.07,3.93,5.2,true,80,76.07,76.07,
TANOA_LAUTOKA,sedan,return,89,148,155.53,139.53,8.47,6.1,true,148,139.53,139.53,
TANOA_LAUTOKA,minivan,one-way,119,107,110.22,99.22,7.78,7.8,true,107,99.22,99.22,
TANOA_LAUTOKA,minivan,return,119,202,203.91,183.91,18.09,9.8,true,202,183.91,183.91,
TANOA_LAUTOKA,minibus,one-way,149,134,140.22,126.22,7.78,6.2,true,134,126.22,126.22,
TANOA_LAUTOKA,minibus,return,149,252,259.41,233.41,18.59,8.0,true,252,233.41,233.41,
LAUTOKA_CRUISE,sedan,one-way,89,80,84.07,76.07,3.93,5.2,true,80,76.07,76.07,
LAUTOKA_CRUISE,sedan,return,89,148,155.53,139.53,8.47,6.1,true,148,139.53,139.53,
LAUTOKA_CRUISE,minivan,one-way,119,107,110.22,99.22,7.78,7.8,true,107,99.22,99.22,
LAUTOKA_CRUISE,minivan,return,119,202,203.91,183.91,18.09,9.8,true,202,183.91,183.91,
LAUTOKA_CRUISE,minibus,one-way,149,134,140.22,126.22,7.78,6.2,true,134,126.22,126.22,
LAUTOKA_CRUISE,minibus,return,149,252,259.41,233.41,18.59,8.0,true,252,233.41,233.41,
MARRIOTT_MOMI,sedan,one-way,99,89,94.29,85.29,3.71,4.3,true,89,85.29,85.29,
MARRIOTT_MOMI,sedan,return,99,166,174.44,157.44,8.56,5.4,true,166,157.44,166,
MARRIOTT_MOMI,minivan,one-way,149,134,147.42,132.42,1.58,1.2,true,134,132.42,132.42,
MARRIOTT_MOMI,minivan,return,149,252,272.73,245.73,6.27,2.6,true,252,245.73,252,
MARRIOTT_MOMI,minibus,one-way,175.92,157.92,175.92,157.92,0,0.0,true,157.92,157.92,157.92,
MARRIOTT_MOMI,minibus,return,175.92,297,325.45,292.45,4.55,1.6,true,297,292.45,297,
INTERCONTINENTAL_NATADOLA,sedan,one-way,99,89,117.43,105.43,-16.43,-15.6,true,89,105.43,105.43,
INTERCONTINENTAL_NATADOLA,sedan,return,99,166,217.25,195.25,-29.25,-15.0,true,166,195.25,195.25,
INTERCONTINENTAL_NATADOLA,minivan,one-way,149,134,155.13,139.13,-5.13,-3.7,true,134,139.13,139.13,
INTERCONTINENTAL_NATADOLA,minivan,return,149,252,286.99,257.99,-5.99,-2.3,true,252,257.99,257.99,
INTERCONTINENTAL_NATADOLA,minibus,one-way,179,161,191.31,172.31,-11.31,-6.6,true,161,172.31,172.31,
INTERCONTINENTAL_NATADOLA,minibus,return,179,301,353.92,318.92,-17.92,-5.6,true,301,318.92,318.92,
ROBINSON_CRUSOE,sedan,one-way,99,89,117.43,105.43,-16.43,-15.6,true,89,105.43,105.43,
ROBINSON_CRUSOE,sedan,return,99,166,217.25,195.25,-29.25,-15.0,true,166,195.25,195.25,
ROBINSON_CRUSOE,minivan,one-way,149,134,155.13,139.13,-5.13,-3.7,true,134,139.13,139.13,
ROBINSON_CRUSOE,minivan,return,149,252,286.99,257.99,-5.99,-2.3,true,252,257.99,257.99,
ROBINSON_CRUSOE,minibus,one-way,179,161,191.31,172.31,-11.31,-6.6,true,161,172.31,172.31,
ROBINSON_CRUSOE,minibus,return,179,301,353.92,318.92,-17.92,-5.6,true,301,318.92,318.92,
SIGATOKA_SAND_DUNES,sedan,one-way,129,116,138.49,124.49,-8.49,-6.8,true,116,124.49,124.49,
SIGATOKA_SAND_DUNES,sedan,return,129,216,256.21,230.21,-14.21,-6.2,true,216,230.21,230.21,
SIGATOKA_SAND_DUNES,minivan,one-way,159,143,162.14,146.14,-3.14,-2.1,true,143,146.14,146.14,
SIGATOKA_SAND_DUNES,minivan,return,159,265,299.96,269.96,-4.96,-1.8,true,265,269.96,269.96,
SIGATOKA_SAND_DUNES,minibus,one-way,199,179,205.31,184.31,-5.31,-2.9,true,179,184.31,184.31,
SIGATOKA_SAND_DUNES,minibus,return,199,333,379.82,341.82,-8.82,-2.6,true,333,341.82,341.82,
BEDARRA_INN,sedan,one-way,129,116,138.49,124.49,-8.49,-6.8,true,116,124.49,124.49,
BEDARRA_INN,sedan,return,129,216,256.21,230.21,-14.21,-6.2,true,216,230.21,230.21,
BEDARRA_INN,minivan,one-way,159,143,162.14,146.14,-3.14,-2.1,true,143,146.14,146.14,
BEDARRA_INN,minivan,return,159,265,299.96,269.96,-4.96,-1.8,true,265,269.96,269.96,
BEDARRA_INN,minibus,one-way,199,179,205.31,184.31,-5.31,-2.9,true,179,184.31,184.31,
BEDARRA_INN,minibus,return,199,333,379.82,341.82,-8.82,-2.6,true,333,341.82,341.82,
KULA_ECO,sedan,one-way,129,116,138.49,124.49,-8.49,-6.8,true,116,124.49,124.49,
KULA_ECO,sedan,return,129,216,256.21,230.21,-14.21,-6.2,true,216,230.21,230.21,
KULA_ECO,minivan,one-way,159,143,162.14,146.14,-3.14,-2.1,true,143,146.14,146.14,
KULA_ECO,minivan,return,159,265,299.96,269.96,-4.96,-1.8,true,265,269.96,269.96,
KULA_ECO,minibus,one-way,199,179,205.31,184.31,-5.31,-2.9,true,179,184.31,184.31,
KULA_ECO,minibus,return,199,333,379.82,341.82,-8.82,-2.6,true,333,341.82,341.82,
SHANGRI_LA_YANUCA,sedan,one-way,129,116,141.96,127.96,-11.96,-9.3,true,116,127.96,127.96,
SHANGRI_LA_YANUCA,sedan,return,129,216,262.63,236.63,-20.63,-8.7,true,216,236.63,236.63,
SHANGRI_LA_YANUCA,minivan,one-way,159,143,176.81,158.81,-15.81,-10.0,true,143,158.81,158.81,
SHANGRI_LA_YANUCA,minivan,return,159,265,327.1,294.1,-29.1,-9.9,true,265,294.1,294.1,
SHANGRI_LA_YANUCA,minibus,one-way,199,179,219.37,197.37,-18.37,-9.3,true,179,197.37,197.37,
SHANGRI_LA_YANUCA,minibus,return,199,333,405.83,364.83,-31.83,-8.7,true,333,364.83,364.83,
HIDEAWAY_RESORT,sedan,one-way,129,116,141.96,127.96,-11.96,-9.3,true,116,127.96,127.96,
HIDEAWAY_RESORT,sedan,return,129,216,262.63,236.63,-20.63,-8.7,true,216,236.63,236.63,
HIDEAWAY_RESORT,minivan,one-way,159,143,176.81,158.81,-15.81,-10.0,true,143,158.81,158.81,
HIDEAWAY_RESORT,minivan,return,159,265,327.1,294.1,-29.1,-9.9,true,265,294.1,294.1,
HIDEAWAY_RESORT,minibus,one-way,199,179,219.37,197.37,-18.37,-9.3,true,179,197.37,197.37,
HIDEAWAY_RESORT,minibus,return,199,333,405.83,364.83,-31.83,-8.7,true,333,364.83,364.83,
CRUSOES_RETREAT,sedan,one-way,129,116,141.96,127.96,-11.96,-9.3,true,116,127.96,127.96,
CRUSOES_RETREAT,sedan,return,129,216,262.63,236.63,-20.63,-8.7,true,216,236.63,236.63,
CRUSOES_RETREAT,minivan,one-way,159,143,176.81,158.81,-15.81,-10.0,true,143,158.81,158.81,
CRUSOES_RETREAT,minivan,return,159,265,327.1,294.1,-29.1,-9.9,true,265,294.1,294.1,
CRUSOES_RETREAT,minibus,one-way,199,179,219.37,197.37,-18.37,-9.3,true,179,197.37,197.37,
CRUSOES_RETREAT,minibus,return,199,333,405.83,364.83,-31.83,-8.7,true,333,364.83,364.83,
OUTRIGGER_FIJI,sedan,one-way,129,116,141.96,127.96,-11.96,-9.3,true,116,127.96,127.96,
OUTRIGGER_FIJI,sedan,return,129,216,262.63,236.63,-20.63,-8.7,true,216,236.63,236.63,
OUTRIGGER_FIJI,minivan,one-way,159,143,176.81,158.81,-15.81,-10.0,true,143,158.81,158.81,
OUTRIGGER_FIJI,minivan,return,159,265,327.1,294.1,-29.1,-9.9,true,265,294.1,294.1,
OUTRIGGER_FIJI,minibus,one-way,199,179,219.37,197.37,-18.37,-9.3,true,179,197.37,197.37,
OUTRIGGER_FIJI,minibus,return,199,333,405.83,364.83,-31.83,-8.7,true,333,364.83,364.83,
THE_WARWICK,sedan,one-way,149,134,141.96,127.96,6.04,4.7,true,134,127.96,127.96,
THE_WARWICK,sedan,return,149,252,262.63,236.63,15.37,6.5,true,252,236.63,236.63,
THE_WARWICK,minivan,one-way,189,170,176.81,158.81,11.19,7.0,true,170,158.81,158.81,
THE_WARWICK,minivan,return,189,315,327.1,294.1,20.9,7.1,true,315,294.1,294.1,
THE_WARWICK,minibus,one-way,239,215,219.37,197.37,17.63,8.9,true,215,197.37,197.37,
THE_WARWICK,minibus,return,239,400,405.83,364.83,35.17,9.6,true,400,364.83,364.83,
NAVITI_RESORT,sedan,one-way,149,134,141.96,127.96,6.04,4.7,true,,127.96,127.96,
NAVITI_RESORT,sedan,return,149,252,262.63,236.63,15.37,6.5,true,,236.63,236.63,
NAVITI_RESORT,minivan,one-way,189,170,176.81,158.81,11.19,7.0,true,,158.81,158.81,
NAVITI_RESORT,minivan,return,189,315,327.1,294.1,20.9,7.1,true,,294.1,294.1,
NAVITI_RESORT,minibus,one-way,239,215,219.37,197.37,17.63,8.9,true,,197.37,197.37,
NAVITI_RESORT,minibus,return,239,400,405.83,364.83,35.17,9.6,true,,364.83,364.83,
BEACHHOUSE_FIJI,sedan,one-way,169,152,141.96,127.96,24.04,18.8,true,152,127.96,127.96,
BEACHHOUSE_FIJI,sedan,return,169,283,262.63,236.63,46.37,19.6,true,283,236.63,236.63,
BEACHHOUSE_FIJI,minivan,one-way,199,179,176.81,158.81,20.19,12.7,true,179,158.81,158.81,
BEACHHOUSE_FIJI,minivan,return,199,333,327.1,294.1,38.9,13.2,true,333,294.1,294.1,
BEACHHOUSE_FIJI,minibus,one-way,259,233,219.37,197.37,35.63,18.1,true,233,197.37,197.37,
BEACHHOUSE_FIJI,minibus,return,259,432,405.83,364.83,67.17,18.4,true,432,364.83,364.83,
ARTS_VILLAGE,sedan,one-way,199,179,198.95,178.95,0.05,0.0,true,179,178.95,178.95,
ARTS_VILLAGE,sedan,return,199,333,368.06,331.06,1.94,0.6,true,333,331.06,331.06,
ARTS_VILLAGE,minivan,one-way,269,242,266.56,239.56,2.44,1.0,true,242,239.56,239.56,
ARTS_VILLAGE,minivan,return,269,450,493.14,444.14,5.86,1.3,true,450,444.14,444.14,
ARTS_VILLAGE,minibus,one-way,299,269,299.56,269.56,-0.56,-0.2,true,269,269.56,269.56,
ARTS_VILLAGE,minibus,return,299,499,554.19,499.19,-0.19,-0.0,true,499,499.19,499.19,
PEARL_SOUTH_PACIFIC,sedan,one-way,199,179,198.95,178.95,0.05,0.0,true,179,178.95,178.95,
PEARL_SOUTH_PACIFIC,sedan,return,199,333,368.06,331.06,1.94,0.6,true,333,331.06,331.06,
PEARL_SOUTH_PACIFIC,minivan,one-way,269,242,266.56,239.56,2.44,1.0,true,242,239.56,239.56,
PEARL_SOUTH_PACIFIC,minivan,return,269,450,493.14,444.14,5.86,1.3,true,450,444.14,444.14,
PEARL_SOUTH_PACIFIC,minibus,one-way,299,269,299.56,269.56,-0.56,-0.2,true,269,269.56,269.56,
PEARL_SOUTH_PACIFIC,minibus,return,299,499,554.19,499.19,-0.19,-0.0,true,499,499.19,499.19,
UPRISING,sedan,one-way,199,179,198.95,178.95,0.05,0.0,true,179,178.95,178.95,
UPRISING,sedan,return,199,333,368.06,331.06,1.94,0.6,true,333,331.06,331.06,
UPRISING,minivan,one-way,269,242,266.56,239.56,2.44,1.0,true,242,239.56,239.56,
UPRISING,minivan,return,269,450,493.14,444.14,5.86,1.3,true,450,444.14,444.14,
UPRISING,minibus,one-way,299,269,299.56,269.56,-0.56,-0.2,true,269,269.56,269.56,
UPRISING,minibus,return,299,499,554.19,499.19,-0.19,-0.0,true,499,499.19,499.19,
NANUKU_RESORT,sedan,one-way,199,179,198.95,178.95,0.05,0.0,true,179,178.95,178.95,
NANUKU_RESORT,sedan,return,199,333,368.06,331.06,1.94,0.6,true,333,331.06,331.06,
NANUKU_RESORT,minivan,one-way,269,242,266.56,239.56,2.44,1.0,true,242,239.56,239.56,
NANUKU_RESORT,minivan,return,269,450,493.14,444.14,5.86,1.3,true,450,444.14,444.14,
NANUKU_RESORT,minibus,one-way,299,269,299.56,269.56,-0.56,-0.2,true,269,269.56,269.56,
NANUKU_RESORT,minibus,return,299,499,554.19,499.19,-0.19,-0.0,true,499,499.19,499.19,
BA_HOTEL,sedan,one-way,169,152,171.45,154.45,-2.45,-1.6,true,152,154.45,154.45,
BA_HOTEL,sedan,return,169,283,317.18,285.18,-2.18,-0.8,true,283,285.18,285.18,
BA_HOTEL,minivan,one-way,199,179,216.05,194.05,-15.05,-7.8,true,179,194.05,194.05,
BA_HOTEL,minivan,return,199,333,399.69,359.69,-26.69,-7.4,true,333,359.69,359.69,
BA_HOTEL,minibus,one-way,249,224,269.12,242.12,-18.12,-7.5,true,224,242.12,242.12,
BA_HOTEL,minibus,return,249,418,497.87,447.87,-29.87,-6.7,true,418,447.87,447.87,
VOLIVOLI_BEACH,sedan,one-way,249,224,245.59,220.59,3.41,1.5,true,224,220.59,220.59,
VOLIVOLI_BEACH,sedan,return,249,418,454.34,409.34,8.66,2.1,true,418,409.34,409.34,
VOLIVOLI_BEACH,minivan,one-way,299,269,322.72,290.72,-21.72,-7.5,true,269,290.72,290.72,
VOLIVOLI_BEACH,minivan,return,299,499,597.03,537.03,-38.03,-7.1,true,499,537.03,537.03,
VOLIVOLI_BEACH,minibus,one-way,349,314,372.44,335.44,-21.44,-6.4,true,314,335.44,335.44,
VOLIVOLI_BEACH,minibus,return,349,585,689.01,620.01,-35.01,-5.6,true,585,620.01,620.01,
GRAND_PACIFIC,sedan,one-way,319,287,314.75,283.75,3.25,1.1,true,287,283.75,283.75,
GRAND_PACIFIC,sedan,return,319,535,582.29,524.29,10.71,2.0,true,535,524.29,524.29,
GRAND_PACIFIC,minivan,one-way,369,332,357.92,321.92,10.08,3.1,true,332,321.92,321.92,
GRAND_PACIFIC,minivan,return,369,616,662.15,596.15,19.85,3.3,true,616,596.15,596.15,
GRAND_PACIFIC,minibus,one-way,499,449,494.75,445.75,3.25,0.7,true,449,445.75,445.75,
GRAND_PACIFIC,minibus,return,499,832,915.29,823.29,8.71,1.1,true,832,823.29,823.29,
TANOA_PLAZA_SUVA,sedan,one-way,319,287,314.75,283.75,3.25,1.1,true,287,283.75,283.75,
TANOA_PLAZA_SUVA,sedan,return,319,535,582.29,524.29,10.71,2.0,true,535,524.29,524.29,
TANOA_PLAZA_SUVA,minivan,one-way,369,332,357.92,321.92,10.08,3.1,true,332,321.92,321.92,
TANOA_PLAZA_SUVA,minivan,return,369,616,662.15,596.15,19.85,3.3,true,616,596.15,596.15,
TANOA_PLAZA_SUVA,minibus,one-way,499,449,494.75,445.75,3.25,0.7,true,449,445.75,445.75,
TANOA_PLAZA_SUVA,minibus,return,499,832,915.29,823.29,8.71,1.1,true,832,823.29,823.29,
NAUSORI_AIRPORT,sedan,one-way,369,332,357.35,321.35,10.65,3.3,true,332,321.35,321.35,
NAUSORI_AIRPORT,sedan,return,369,616,661.1,595.1,20.9,3.5,true,616,595.1,595.1,
NAUSORI_AIRPORT,minivan,one-way,499,449,468.69,421.69,27.31,6.5,true,449,421.69,421.69,
NAUSORI_AIRPORT,minivan,return,499,832,867.08,780.08,51.92,6.7,true,832,780.08,780.08,
NAUSORI_AIRPORT,minibus,one-way,549,494,537.35,483.35,10.65,2.2,true,494,483.35,483.35,
NAUSORI_AIRPORT,minibus,return,549,918,994.1,895.1,22.9,2.6,true,918,895.1,895.1,